zona_basica_salud;fecha_informe;casos_confirmados_ultimos_14dias;tasa_incidencia_acumulada_ultimos_14dias;casos_confirmados_totales;tasa_incidencia_acumulada_total;codigo_geometria
Abrantes;2020/04/11 07:00:00;71;240,61;215;728,62;1
Acacias;2020/04/11 07:00:00;47;241,63;131;673,49;2
Adelfas;2020/04/11 07:00:00;99;357,37;279;1007,15;3
Alameda;2020/04/11 07:00:00;48;222,81;113;524,53;4
Alameda de Osuna;2020/04/11 07:00:00;85;276,6;224;728,93;5
Alcalde Bartolomé González;2020/04/11 07:00:00;67;290,9;159;690,34;6
Alcalá de Guadaira;2020/04/11 07:00:00;44;336,85;126;964,63;7
Alcobendas - Chopera;2020/04/11 07:00:00;46;145,43;115;363,57;8
Alcocer;2020/04/11 07:00:00;37;282,18;136;1037,22;9
Algete;2020/04/11 07:00:00;58;195,54;110;370,84;10
Alicante;2020/04/11 07:00:00;51;181,21;158;561,4;11
Almendrales;2020/04/11 07:00:00;62;226,21;165;602,01;12
Alpedrete;2020/04/11 07:00:00;27;187,07;70;485;13
Alpes;2020/04/11 07:00:00;115;296,09;276;710,63;14
Andrés Mellado;2020/04/11 07:00:00;77;317,2;191;786,82;15
Ángela Uriarte;2020/04/11 07:00:00;86;312,26;215;780,65;16
Antonio Leyva;2020/04/11 07:00:00;29;239,77;77;636,63;17
Aquitania;2020/04/11 07:00:00;59;250,48;170;721,72;18
Aranjuez;2020/04/11 07:00:00;113;255,88;262;593,28;19
Aravaca;2020/04/11 07:00:00;77;194,62;200;505,51;20
Arganda del Rey;2020/04/11 07:00:00;89;368,26;159;657,89;21
Arganda - Felicidad;2020/04/11 07:00:00;30;88,82;104;307,91;22
Argüelles;2020/04/11 07:00:00;58;219;146;551,28;23
Arroyomolinos;2020/04/11 07:00:00;55;210,82;122;467,63;24
Barajas;2020/04/11 07:00:00;44;200,45;96;437,34;25
Barcelona;2020/04/11 07:00:00;38;156,43;124;510,46;26
Barrio del Puerto;2020/04/11 07:00:00;31;220,73;91;647,96;27
Baviera;2020/04/11 07:00:00;41;279,39;112;763,2;28
Benita de Ávila;2020/04/11 07:00:00;76;363,95;198;948,19;29
Boadilla del Monte;2020/04/11 07:00:00;71;134,38;201;380,42;30
Brújula;2020/04/11 07:00:00;29;136,21;156;732,74;31
Buenavista;2020/04/11 07:00:00;42;178,32;182;772,73;32
Buitrago de Lozoya;2020/04/11 07:00:00;12;250;29;604,17;33
Bustarviejo;2020/04/11 07:00:00;95;448,43;200;944,06;34
Butarque;2020/04/11 07:00:00;29;158,74;90;492,64;35
Cadalso de los Vidrios;2020/04/11 07:00:00;6;111,19;23;426,24;36
Campamento;2020/04/11 07:00:00;50;326,35;158;1031,26;37
Campo Real;2020/04/11 07:00:00;32;183,26;70;400,87;38
Campo de la Paloma;2020/04/11 07:00:00;72;373,41;188;975;39
Canal de Panamá;2020/04/11 07:00:00;71;237,11;196;654,56;40
Canillejas;2020/04/11 07:00:00;90;230,14;227;580,47;41
Carabanchel Alto;2020/04/11 07:00:00;44;203,65;144;666,48;42
Caramuel;2020/04/11 07:00:00;63;258,29;157;643,68;43
Carmen Calzado;2020/04/11 07:00:00;42;252,72;164;986,82;44
Casa de Campo;2020/04/11 07:00:00;42;316,55;105;791,38;45
Castelló;2020/04/11 07:00:00;40;178,09;99;440,76;46
Castilla la Nueva;2020/04/11 07:00:00;66;273,8;163;676,21;47
Cea Bermúdez;2020/04/11 07:00:00;64;255,92;155;619,8;48
Cercedilla;2020/04/11 07:00:00;50;350,09;118;826,21;49
Chopera;2020/04/11 07:00:00;101;273,72;277;750,7;50
Ciempozuelos;2020/04/11 07:00:00;37;138,78;145;543,89;51
Ciudad San Pablo;2020/04/11 07:00:00;28;221,22;86;679,47;52
Ciudad de los Periodistas;2020/04/11 07:00:00;116;421,65;265;963,25;53
Collado Mediano;2020/04/11 07:00:00;17;137,71;33;267,31;54
Collado Villalba Estación;2020/04/11 07:00:00;58;181,57;118;369,4;55
Collado Villalba Pueblo;2020/04/11 07:00:00;37;184,51;89;443,82;56
Colmenar Viejo Norte;2020/04/11 07:00:00;71;296,29;123;513,29;57
Colmenar Viejo Sur;2020/04/11 07:00:00;75;283,66;117;442,51;58
Colmenar de Oreja;2020/04/11 07:00:00;25;141,9;54;306,5;59
Comillas;2020/04/11 07:00:00;58;254,64;177;777,1;60
Cortes;2020/04/11 07:00:00;59;197,64;147;492,41;61
Coslada - Jaime Vera;2020/04/11 07:00:00;52;388,41;138;1030,77;62
Cuzco;2020/04/11 07:00:00;59;242,16;153;627,98;63
Daganzo de Arriba;2020/04/11 07:00:00;21;121,95;60;348,43;64
Daroca;2020/04/11 07:00:00;128;305,73;279;666,4;65
Dehesa Vieja;2020/04/11 07:00:00;20;73;64;233,6;66
Dos de Mayo;2020/04/11 07:00:00;127;346,28;275;749,81;67
Doctor Cirajas;2020/04/11 07:00:00;122;319,01;269;703,4;68
Doctor Laín Entralgo;2020/04/11 07:00:00;112;443,51;210;831,58;69
Doctor Luengo Rodríguez;2020/04/11 07:00:00;78;235,38;192;579,4;70
Doctor Tamames;2020/04/11 07:00:00;62;268,63;151;654,25;71
Doctor Trueta;2020/04/11 07:00:00;46;359,52;72;562,72;72
El Bercial;2020/04/11 07:00:00;23;159,46;51;353,58;73
El Escorial;2020/04/11 07:00:00;14;84,22;42;252,66;74
El Espinillo;2020/04/11 07:00:00;17;92,4;96;521,8;75
El Greco;2020/04/11 07:00:00;39;177,57;81;368,8;76
El Juncal;2020/04/11 07:00:00;49;173,53;179;633,92;77
El Molar;2020/04/11 07:00:00;42;128,46;82;250,81;78
El Naranjo;2020/04/11 07:00:00;43;209,03;122;593,07;79
El Pardo;2020/04/11 07:00:00;13;450,92;36;1248,7;80
El Restón;2020/04/11 07:00:00;42;107,67;204;522,96;81
El Soto;2020/04/11 07:00:00;82;422,22;166;854,74;82
Eloy Gonzalo;2020/04/11 07:00:00;63;178,64;198;561,45;83
Embajadores;2020/04/11 07:00:00;79;255,85;198;641,23;84
Ensanche Vallecas;2020/04/11 07:00:00;104;212,19;325;663,1;85
Entrevías;2020/04/11 07:00:00;113;397,76;281;989,12;86
Espronceda;2020/04/11 07:00:00;126;309,67;295;725,01;87
Estrecho de Corea;2020/04/11 07:00:00;95;298,17;244;765,83;88
Estrella;2020/04/11 07:00:00;47;323,2;121;832,07;89
Europa;2020/04/11 07:00:00;133;660,28;260;1290,77;90
Federica Montseny;2020/04/11 07:00:00;91;410,76;271;1223,26;91
Felipe II;2020/04/11 07:00:00;67;316,07;143;674,59;92
Francia;2020/04/11 07:00:00;75;199,79;249;663,31;93
Fuencarral;2020/04/11 07:00:00;84;313,3;152;566,93;94
Fuente el Saz;2020/04/11 07:00:00;34;181,04;60;319,49;95
Fuentelarreina;2020/04/11 07:00:00;84;386,08;160;735,4;96
Galapagar;2020/04/11 07:00:00;62;150,27;151;365,98;97
Gandhi;2020/04/11 07:00:00;88;456,12;164;850,05;98
García Noblejas;2020/04/11 07:00:00;59;250,59;150;637,1;99
General Fanjul;2020/04/11 07:00:00;65;279,96;159;684,81;100
General Moscardó;2020/04/11 07:00:00;93;467,01;192;964,15;101
General Oráa;2020/04/11 07:00:00;55;296,5;162;873,32;102
General Ricardos;2020/04/11 07:00:00;70;252,34;207;746,21;103
Getafe Norte;2020/04/11 07:00:00;22;146,37;54;359,28;104
Goya;2020/04/11 07:00:00;159;261,62;469;771,69;105
Gregorio Marañón;2020/04/11 07:00:00;111;391,42;235;828,69;106
Griñón;2020/04/11 07:00:00;51;136,67;152;407,34;107
Guadarrama;2020/04/11 07:00:00;46;291,18;83;525,38;108
Guayaba;2020/04/11 07:00:00;43;241,71;142;798,2;109
Guzmán el Bueno;2020/04/11 07:00:00;67;288,25;179;770,09;110
Huerta de Los Frailes;2020/04/11 07:00:00;80;562,03;162;1138,12;111
Humanes de Madrid;2020/04/11 07:00:00;34;130,95;100;385,15;112
Ibiza;2020/04/11 07:00:00;125;362,35;336;974;113
Imperial;2020/04/11 07:00:00;79;298,41;201;759,24;114
Infanta Mercedes;2020/04/11 07:00:00;53;363,61;107;734,08;115
Isabel II;2020/04/11 07:00:00;128;358,89;213;597,21;116
Jazmín;2020/04/11 07:00:00;58;213,38;160;588,62;117
Juan de Austria;2020/04/11 07:00:00;31;145,93;182;856,75;118
Juan de la Cierva;2020/04/11 07:00:00;69;218,91;162;513,96;119
Justicia;2020/04/11 07:00:00;39;243,13;77;480,02;120
La Cabrera;2020/04/11 07:00:00;21;309,64;32;471,84;121
La Elipa;2020/04/11 07:00:00;52;381,65;119;873,39;122
La Garena;2020/04/11 07:00:00;13;192,91;53;786,47;123
La Marazuela;2020/04/11 07:00:00;15;131,86;34;298,87;124
La Moraleja;2020/04/11 07:00:00;26;105,12;79;319,4;125
La Plata;2020/04/11 07:00:00;28;108,47;114;441,62;126
La Princesa;2020/04/11 07:00:00;48;247,61;130;670,62;127
La Ribota;2020/04/11 07:00:00;58;228,37;114;448,87;128
La Ventilla;2020/04/11 07:00:00;106;466,86;224;986,57;129
La Veredilla;2020/04/11 07:00:00;24;145,03;95;574,09;130
Las Águilas;2020/04/11 07:00:00;93;339,48;206;751,96;131
Las Américas;2020/04/11 07:00:00;42;109,44;145;377,83;132
Las Calesas;2020/04/11 07:00:00;80;266,95;226;754,14;133
Las Ciudades;2020/04/11 07:00:00;28;144,2;87;448,06;134
Las Fronteras;2020/04/11 07:00:00;48;139,23;225;652,63;135
Las Margaritas;2020/04/11 07:00:00;53;189,76;107;383,1;136
Las Matas;2020/04/11 07:00:00;11;93,47;31;263,43;137
Las Olivas;2020/04/11 07:00:00;37;192,01;96;498,18;138
Las Rozas;2020/04/11 07:00:00;55;151,39;155;426,64;139
Las Tablas;2020/04/11 07:00:00;40;126;100;315;140
Lavapiés;2020/04/11 07:00:00;59;226,84;142;545,96;141
Leganés Norte;2020/04/11 07:00:00;183;1290,19;252;1776,65;142
Legazpi;2020/04/11 07:00:00;66;257,52;180;702,33;143
Londres;2020/04/11 07:00:00;28;201,98;121;872,83;144
Los Alperchines;2020/04/11 07:00:00;57;291,55;150;767,22;145
Los Ángeles;2020/04/11 07:00:00;82;230,86;287;808;146
Los Castillos;2020/04/11 07:00:00;89;414,22;196;912,22;147
Los Cármenes;2020/04/11 07:00:00;50;172,8;144;497,65;148
Los Fresnos;2020/04/11 07:00:00;13;109,02;48;402,55;149
Los Pedroches;2020/04/11 07:00:00;130;511,75;354;1393,54;150
Los Rosales;2020/04/11 07:00:00;51;257,6;173;873,83;151
Los Yébenes;2020/04/11 07:00:00;63;171,01;220;597,18;152
Lucero;2020/04/11 07:00:00;121;298,21;384;946,4;153
Luis Vives;2020/04/11 07:00:00;50;175,98;214;753,2;154
Majadahonda;2020/04/11 07:00:00;74;154,9;243;508,67;155
Manuel Merino;2020/04/11 07:00:00;29;230,82;153;1217,77;156
Manzanares El Real;2020/04/11 07:00:00;29;193,42;51;340,16;157
Maqueda;2020/04/11 07:00:00;106;363,09;227;777,56;158
Mar Báltico;2020/04/11 07:00:00;207;350,21;501;847,62;159
Marqués de la Valdavia;2020/04/11 07:00:00;36;212,77;67;395,98;160
Martín de Vargas;2020/04/11 07:00:00;47;260;112;619,57;161
Martínez de la Riva;2020/04/11 07:00:00;52;313,2;124;746,85;162
María Curie;2020/04/11 07:00:00;36;263,91;85;623,12;163
María Montessori;2020/04/11 07:00:00;92;604,75;198;1301,52;164
María de Guzmán;2020/04/11 07:00:00;68;314,47;250;1156,12;165
Meco;2020/04/11 07:00:00;44;184,63;177;742,73;166
Media Legua;2020/04/11 07:00:00;129;569,81;283;1250,06;167
Mejorada del Campo;2020/04/11 07:00:00;110;250,4;246;559,98;168
Mendiguchía Carriche;2020/04/11 07:00:00;111;434,26;250;978,05;169
Miguel Servet;2020/04/11 07:00:00;75;453,06;145;875,92;170
Miguel de Cervantes;2020/04/11 07:00:00;63;237,89;276;1042,18;171
Miraflores;2020/04/11 07:00:00;49;205,8;103;432,59;172
Mirasierra;2020/04/11 07:00:00;113;366,78;226;733,55;173
Monforte de Lemos;2020/04/11 07:00:00;109;689,74;201;1271,91;174
Monovar;2020/04/11 07:00:00;66;352,36;164;875,55;175
Montecarmelo;2020/04/11 07:00:00;32;178,39;91;507,3;176
Monterrozas;2020/04/11 07:00:00;146;401,39;260;714,8;177
Montesa;2020/04/11 07:00:00;100;370,15;272;1006,81;178
Moralzarzal;2020/04/11 07:00:00;27;207,34;52;399,32;179
Morata de Tajuña;2020/04/11 07:00:00;16;206;80;1030;180
María Jesús Hereza;2020/04/11 07:00:00;208;606,31;460;1340,87;181
Méndez Álvaro;2020/04/11 07:00:00;14;157,32;41;460,73;182
Navalcarnero;2020/04/11 07:00:00;48;119,31;146;362,89;183
Navas del Rey;2020/04/11 07:00:00;11;162,36;53;782,29;184
Nuestra Señora del Pilar;2020/04/11 07:00:00;43;218,44;173;878,84;185
Numancia;2020/04/11 07:00:00;102;391,22;253;970,39;186
Nuñez Morgado;2020/04/11 07:00:00;74;322,83;173;754,73;187
Opañel;2020/04/11 07:00:00;77;342,82;186;828,1;188
Orcasitas;2020/04/11 07:00:00;38;166,08;145;633,74;189
Orcasur;2020/04/11 07:00:00;37;283,35;96;735,18;190
Pacífico;2020/04/11 07:00:00;101;293,32;265;769,61;191
Palma Universidad;2020/04/11 07:00:00;61;239,9;153;601,72;192
Palomares;2020/04/11 07:00:00;89;500,59;207;1164,29;193
Panaderas;2020/04/11 07:00:00;80;209,22;235;614,59;194
Paracuellos del Jarama;2020/04/11 07:00:00;25;108,65;60;260,77;195
Parque Coimbra;2020/04/11 07:00:00;59;437,85;113;838,59;196
Parque Europa;2020/04/11 07:00:00;35;113,75;102;331,5;197
Parque Loranca;2020/04/11 07:00:00;37;119,14;120;386,41;198
Parque Oeste;2020/04/11 07:00:00;45;316,37;91;639,76;199
Pavones;2020/04/11 07:00:00;69;430,09;187;1165,62;200
Perales de Tajuña;2020/04/11 07:00:00;25;283,19;62;702,31;201
Perales del Río;2020/04/11 07:00:00;26;276,18;62;658,59;202
Peña Prieta;2020/04/11 07:00:00;69;347,47;166;835,94;203
Peñagrande;2020/04/11 07:00:00;128;466,39;273;994,72;204
Pilar;2020/04/11 07:00:00;196;452,44;503;1161,1;205
Pinto;2020/04/11 07:00:00;21;93,82;70;312,74;206
Pintores;2020/04/11 07:00:00;25;91,86;104;382,16;207
Pizarro;2020/04/11 07:00:00;95;577,72;204;1240,57;208
Portazgo;2020/04/11 07:00:00;102;476,08;223;1040,84;209
Potosí;2020/04/11 07:00:00;104;351,62;206;696,49;210
Pozo de Tío Raimundo;2020/04/11 07:00:00;34;355,13;84;877,38;211
Pozuelo - Estación;2020/04/11 07:00:00;56;153,98;200;549,92;212
Pozuelo - Somosaguas;2020/04/11 07:00:00;24;113,45;109;515,27;213
Presentación Sabio;2020/04/11 07:00:00;42;150,38;132;472,61;214
Prosperidad;2020/04/11 07:00:00;178;318,08;493;880,97;215
Puerta Bonita;2020/04/11 07:00:00;43;244,82;131;745,84;216
Puerta de Madrid;2020/04/11 07:00:00;29;210,1;129;934,58;217
Puerta del Ángel;2020/04/11 07:00:00;56;268,87;146;700,98;218
Quinta de los Molinos;2020/04/11 07:00:00;17;84,3;62;307,46;219
Rafael Alberti;2020/04/11 07:00:00;64;287,14;167;749,25;220
Ramón y Cajal;2020/04/11 07:00:00;104;445,89;195;836,05;221
Rascafría;2020/04/11 07:00:00;;133,21;6;266,43;222
Reina Victoria;2020/04/11 07:00:00;127;380,9;358;1073,72;223
Rejas;2020/04/11 07:00:00;24;139,45;75;435,79;224
Reyes Católicos;2020/04/11 07:00:00;58;287,5;110;545,26;225
Reyes Magos;2020/04/11 07:00:00;80;269,2;328;1103,71;226
Rivas - La Paz;2020/04/11 07:00:00;86;264,38;173;531,83;227
Rivas - Santa Mónica;2020/04/11 07:00:00;74;207,71;178;499,64;228
Rivas - 1º de Mayo;2020/04/11 07:00:00;30;166,89;82;456,16;229
Robledo de Chavela;2020/04/11 07:00:00;13;157,86;23;279,3;230
Rosa Luxemburgo;2020/04/11 07:00:00;56;242,99;104;451,27;231
San Andrés;2020/04/11 07:00:00;64;194,66;177;538,37;232
San Blas;2020/04/11 07:00:00;34;95,91;129;363,9;233
San Cristóbal;2020/04/11 07:00:00;45;213,58;129;612,27;234
San Diego;2020/04/11 07:00:00;117;397,07;266;902,74;235
San Fermín;2020/04/11 07:00:00;55;210,23;202;772,11;236
San Fernando;2020/04/11 07:00:00;69;306,99;149;662,93;237
San Isidro;2020/04/11 07:00:00;48;299,21;137;854,01;238
San Juan de la Cruz;2020/04/11 07:00:00;39;126,72;138;448,39;239
San Lorenzo de El Escorial;2020/04/11 07:00:00;25;123,35;66;325,64;240
San Martín de Valdeiglesias;2020/04/11 07:00:00;20;178,67;62;553,87;241
San Martín de la Vega;2020/04/11 07:00:00;16;78,57;60;294,62;242
Sanchinarro;2020/04/11 07:00:00;47;165,04;136;477,56;243
Santa Eugenia;2020/04/11 07:00:00;80;284,98;241;858,51;244
Sector Embarcaciones;2020/04/11 07:00:00;68;298,34;128;561,58;245
Sector III;2020/04/11 07:00:00;60;209,62;171;597,42;246
Sector Oficios;2020/04/11 07:00:00;66;261,31;110;435,52;247
Segovia;2020/04/11 07:00:00;55;235,49;136;582,29;248
Segre;2020/04/11 07:00:00;88;229,02;261;679,25;249
Sevilla la Nueva;2020/04/11 07:00:00;20;170,11;39;331,72;250
Sierra de Guadarrama;2020/04/11 07:00:00;26;150,48;55;318,32;251
Silvano;2020/04/11 07:00:00;85;223,38;218;572,92;252
Simancas;2020/04/11 07:00:00;65;378,35;169;983,7;253
Soto del Real;2020/04/11 07:00:00;52;218,03;111;465,41;254
Sánchez Morate;2020/04/11 07:00:00;38;164,67;89;385,67;255
Torrelaguna;2020/04/11 07:00:00;12;187,91;20;313,19;256
Torrelodones;2020/04/11 07:00:00;53;157,76;126;375,06;257
Torres de la Alameda;2020/04/11 07:00:00;36;164,02;169;770;258
V Centenario;2020/04/11 07:00:00;35;165,69;61;288,77;259
Valdeacederas;2020/04/11 07:00:00;109;416,86;267;1021,11;260
Valdebernardo;2020/04/11 07:00:00;81;420,98;188;977,08;261
Valdelasfuentes;2020/04/11 07:00:00;55;228,04;111;460,22;262
Valdemorillo;2020/04/11 07:00:00;15;123,75;26;214,5;263
Valdemoro;2020/04/11 07:00:00;54;144,43;356;952,15;264
Valderribas;2020/04/11 07:00:00;41;225,51;99;544,52;265
Valdezarza;2020/04/11 07:00:00;155;325,85;397;834,59;266
Valle Inclán;2020/04/11 07:00:00;24;232,49;91;881,53;267
Valle de la Oliva;2020/04/11 07:00:00;29;96,04;94;311,29;268
Valleaguado;2020/04/11 07:00:00;74;293,26;161;638,03;269
Vandel;2020/04/11 07:00:00;77;320,61;231;961,82;270
Vicente Muzas;2020/04/11 07:00:00;52;237,26;125;570,33;271
Vicálvaro - Artilleros;2020/04/11 07:00:00;88;421,72;207;992;272
Vicálvaro - Villablanca;2020/04/11 07:00:00;61;448,56;146;1073,61;273
Villa Vallecas;2020/04/11 07:00:00;122;412,93;419;1418,18;274
Villa del Prado;2020/04/11 07:00:00;26;270,47;74;769,79;275
Villaamil;2020/04/11 07:00:00;118;460,79;240;937,21;276
Villanueva de la Cañada;2020/04/11 07:00:00;32;85,02;127;337,42;277
Villanueva del Pardillo;2020/04/11 07:00:00;13;76,97;59;349,34;278
Villarejo de Salvanés;2020/04/11 07:00:00;18;126,55;60;421,82;279
Villaviciosa de Odón;2020/04/11 07:00:00;40;144,2;145;522,71;280
Vinateros - Torito;2020/04/11 07:00:00;158;455,63;331;954,52;281
Virgen de Begoña;2020/04/11 07:00:00;82;795,88;142;1378,24;282
Virgen del Cortijo;2020/04/11 07:00:00;39;273,11;96;672,27;283
Virgen del Val;2020/04/11 07:00:00;22;180,98;116;954,26;284
Vista Alegre;2020/04/11 07:00:00;77;162,53;206;434,81;285
Zofío;2020/04/11 07:00:00;74;255,38;241;831,72;286
Abrantes;2020/04/10 07:00:00;70;237,22;204;691,34;1
Acacias;2020/04/10 07:00:00;53;272,48;132;678,63;2
Adelfas;2020/04/10 07:00:00;108;389,86;278;1003,54;3
Alameda;2020/04/10 07:00:00;58;269,23;108;501,32;4
Alameda de Osuna;2020/04/10 07:00:00;90;292,87;218;709,4;5
Alcalde Bartolomé González;2020/04/10 07:00:00;78;338,66;158;686;6
Alcalá de Guadaira;2020/04/10 07:00:00;51;390,45;127;972,29;7
Alcobendas - Chopera;2020/04/10 07:00:00;61;192,85;110;347,76;8
Alcocer;2020/04/10 07:00:00;37;282,18;125;953,33;9
Algete;2020/04/10 07:00:00;65;219,14;102;343,87;10
Alicante;2020/04/10 07:00:00;52;184,76;153;543,63;11
Almendrales;2020/04/10 07:00:00;53;193,37;153;558,23;12
Alpedrete;2020/04/10 07:00:00;29;200,93;71;491,93;13
Alpes;2020/04/10 07:00:00;120;308,97;270;695,18;14
Andrés Mellado;2020/04/10 07:00:00;81;333,68;177;729,15;15
Ángela Uriarte;2020/04/10 07:00:00;90;326,79;211;766,13;16
Antonio Leyva;2020/04/10 07:00:00;33;272,84;74;611,82;17
Aquitania;2020/04/10 07:00:00;65;275,95;169;717,47;18
Aranjuez;2020/04/10 07:00:00;115;260,41;252;570,64;19
Aravaca;2020/04/10 07:00:00;90;227,48;201;508,04;20
Arganda del Rey;2020/04/10 07:00:00;86;355,84;156;645,48;21
Arganda - Felicidad;2020/04/10 07:00:00;40;118,43;104;307,91;22
Argüelles;2020/04/10 07:00:00;72;271,86;149;562,6;23
Arroyomolinos;2020/04/10 07:00:00;63;241,48;123;471,46;24
Barajas;2020/04/10 07:00:00;49;223,22;95;432,78;25
Barcelona;2020/04/10 07:00:00;46;189,36;124;510,46;26
Barrio del Puerto;2020/04/10 07:00:00;36;256,34;86;612,36;27
Baviera;2020/04/10 07:00:00;54;367,97;114;776,83;28
Benita de Ávila;2020/04/10 07:00:00;83;397,47;193;924,24;29
Boadilla del Monte;2020/04/10 07:00:00;78;147,62;194;367,17;30
Brújula;2020/04/10 07:00:00;33;155;154;723,34;31
Buenavista;2020/04/10 07:00:00;44;186,81;179;759,99;32
Buitrago de Lozoya;2020/04/10 07:00:00;12;250;27;562,5;33
Bustarviejo;2020/04/10 07:00:00;98;462,59;199;939,34;34
Butarque;2020/04/10 07:00:00;32;175,16;87;476,22;35
Cadalso de los Vidrios;2020/04/10 07:00:00;;92,66;21;389,18;36
Campamento;2020/04/10 07:00:00;51;332,88;152;992,1;37
Campo Real;2020/04/10 07:00:00;32;183,26;68;389,42;38
Campo de la Paloma;2020/04/10 07:00:00;74;383,78;181;938,7;39
Canal de Panamá;2020/04/10 07:00:00;71;237,11;184;614,48;40
Canillejas;2020/04/10 07:00:00;102;260,83;223;570,24;41
Carabanchel Alto;2020/04/10 07:00:00;51;236,05;142;657,22;42
Caramuel;2020/04/10 07:00:00;61;250,09;145;594,48;43
Carmen Calzado;2020/04/10 07:00:00;49;294,84;162;974,79;44
Casa de Campo;2020/04/10 07:00:00;55;414,53;105;791,38;45
Castelló;2020/04/10 07:00:00;44;195,9;100;445,22;46
Castilla la Nueva;2020/04/10 07:00:00;67;277,95;158;655,47;47
Cea Bermúdez;2020/04/10 07:00:00;68;271,91;146;583,81;48
Cercedilla;2020/04/10 07:00:00;55;385,1;115;805,21;49
Chopera;2020/04/10 07:00:00;126;341,47;273;739,86;50
Ciempozuelos;2020/04/10 07:00:00;42;157,54;146;547,64;51
Ciudad San Pablo;2020/04/10 07:00:00;31;244,92;80;632,06;52
Ciudad de los Periodistas;2020/04/10 07:00:00;118;428,92;257;934,17;53
Collado Mediano;2020/04/10 07:00:00;19;153,91;34;275,42;54
Collado Villalba Estación;2020/04/10 07:00:00;64;200,35;115;360,01;55
Collado Villalba Pueblo;2020/04/10 07:00:00;41;204,46;88;438,84;56
Colmenar Viejo Norte;2020/04/10 07:00:00;66;275,42;117;488,25;57
Colmenar Viejo Sur;2020/04/10 07:00:00;74;279,88;109;412,25;58
Colmenar de Oreja;2020/04/10 07:00:00;24;136,22;54;306,5;59
Comillas;2020/04/10 07:00:00;49;215,13;162;711,24;60
Cortes;2020/04/10 07:00:00;64;214,38;142;475,66;61
Coslada - Jaime Vera;2020/04/10 07:00:00;62;463,1;141;1053,18;62
Cuzco;2020/04/10 07:00:00;69;283,2;149;611,56;63
Daganzo de Arriba;2020/04/10 07:00:00;23;133,57;60;348,43;64
Daroca;2020/04/10 07:00:00;140;334,39;276;659,23;65
Dehesa Vieja;2020/04/10 07:00:00;28;102,2;62;226,3;66
Dos de Mayo;2020/04/10 07:00:00;137;373,54;268;730,72;67
Doctor Cirajas;2020/04/10 07:00:00;122;319,01;258;674,63;68
Doctor Laín Entralgo;2020/04/10 07:00:00;110;435,59;199;788,03;69
Doctor Luengo Rodríguez;2020/04/10 07:00:00;102;307,8;194;585,43;70
Doctor Tamames;2020/04/10 07:00:00;66;285,96;151;654,25;71
Doctor Trueta;2020/04/10 07:00:00;46;359,52;70;547,09;72
El Bercial;2020/04/10 07:00:00;28;194,12;50;346,64;73
El Escorial;2020/04/10 07:00:00;15;90,24;39;234,61;74
El Espinillo;2020/04/10 07:00:00;23;125,01;92;500,05;75
El Greco;2020/04/10 07:00:00;37;168,47;74;336,93;76
El Juncal;2020/04/10 07:00:00;49;173,53;169;598,51;77
El Molar;2020/04/10 07:00:00;44;134,58;80;244,69;78
El Naranjo;2020/04/10 07:00:00;58;281,95;122;593,07;79
El Pardo;2020/04/10 07:00:00;18;624,35;36;1248,7;80
El Restón;2020/04/10 07:00:00;36;92,29;202;517,83;81
El Soto;2020/04/10 07:00:00;88;453,12;160;823,85;82
Eloy Gonzalo;2020/04/10 07:00:00;68;192,82;183;518,91;83
Embajadores;2020/04/10 07:00:00;98;317,38;195;631,52;84
Ensanche Vallecas;2020/04/10 07:00:00;119;242,8;325;663,1;85
Entrevías;2020/04/10 07:00:00;121;425,92;277;975,04;86
Espronceda;2020/04/10 07:00:00;125;307,21;286;702,89;87
Estrecho de Corea;2020/04/10 07:00:00;97;304,45;234;734,44;88
Estrella;2020/04/10 07:00:00;57;391,97;122;838,95;89
Europa;2020/04/10 07:00:00;129;640,42;240;1191,48;90
Federica Montseny;2020/04/10 07:00:00;99;446,87;268;1209,71;91
Felipe II;2020/04/10 07:00:00;72;339,65;137;646,29;92
Francia;2020/04/10 07:00:00;87;231,76;248;660,65;93
Fuencarral;2020/04/10 07:00:00;77;287,2;141;525,9;94
Fuente el Saz;2020/04/10 07:00:00;33;175,72;55;292,86;95
Fuentelarreina;2020/04/10 07:00:00;88;404,47;161;739,99;96
Galapagar;2020/04/10 07:00:00;65;157,54;146;353,86;97
Gandhi;2020/04/10 07:00:00;88;456,12;156;808,58;98
García Noblejas;2020/04/10 07:00:00;62;263,34;148;628,61;99
General Fanjul;2020/04/10 07:00:00;68;292,88;157;676,2;100
General Moscardó;2020/04/10 07:00:00;91;456,96;182;913,93;101
General Oráa;2020/04/10 07:00:00;58;312,67;157;846,36;102
General Ricardos;2020/04/10 07:00:00;75;270,37;203;731,8;103
Getafe Norte;2020/04/10 07:00:00;26;172,99;51;339,32;104
Goya;2020/04/10 07:00:00;182;299,46;458;753,59;105
Gregorio Marañón;2020/04/10 07:00:00;119;419,63;223;786,37;106
Griñón;2020/04/10 07:00:00;57;152,75;148;396,62;107
Guadarrama;2020/04/10 07:00:00;51;322,83;81;512,72;108
Guayaba;2020/04/10 07:00:00;42;236,09;137;770,1;109
Guzmán el Bueno;2020/04/10 07:00:00;77;331,27;173;744,28;110
Huerta de Los Frailes;2020/04/10 07:00:00;88;618,24;158;1110,02;111
Humanes de Madrid;2020/04/10 07:00:00;37;142,51;94;362,04;112
Ibiza;2020/04/10 07:00:00;139;402,93;333;965,3;113
Imperial;2020/04/10 07:00:00;96;362,62;200;755,46;114
Infanta Mercedes;2020/04/10 07:00:00;55;377,33;103;706,64;115
Isabel II;2020/04/10 07:00:00;131;367,3;211;591,6;116
Jazmín;2020/04/10 07:00:00;60;220,73;158;581,27;117
Juan de Austria;2020/04/10 07:00:00;40;188,3;180;847,34;118
Juan de la Cierva;2020/04/10 07:00:00;71;225,25;154;488,58;119
Justicia;2020/04/10 07:00:00;42;261,83;74;461,32;120
La Cabrera;2020/04/10 07:00:00;20;294,9;29;427,6;121
La Elipa;2020/04/10 07:00:00;54;396,33;114;836,7;122
La Garena;2020/04/10 07:00:00;12;178,07;51;756,79;123
La Marazuela;2020/04/10 07:00:00;17;149,44;35;307,67;124
La Moraleja;2020/04/10 07:00:00;36;145,55;76;307,27;125
La Plata;2020/04/10 07:00:00;27;104,59;113;437,75;126
La Princesa;2020/04/10 07:00:00;54;278,57;127;655,15;127
La Ribota;2020/04/10 07:00:00;61;240,19;109;429,18;128
La Ventilla;2020/04/10 07:00:00;104;458,05;221;973,35;129
La Veredilla;2020/04/10 07:00:00;27;163,16;93;562;130
Las Águilas;2020/04/10 07:00:00;93;339,48;205;748,31;131
Las Américas;2020/04/10 07:00:00;45;117,26;144;375,22;132
Las Calesas;2020/04/10 07:00:00;84;280,3;215;717,43;133
Las Ciudades;2020/04/10 07:00:00;31;159,65;85;437,76;134
Las Fronteras;2020/04/10 07:00:00;51;147,93;220;638,13;135
Las Margaritas;2020/04/10 07:00:00;60;214,82;105;375,94;136
Las Matas;2020/04/10 07:00:00;14;118,97;31;263,43;137
Las Olivas;2020/04/10 07:00:00;43;223,14;99;513,75;138
Las Rozas;2020/04/10 07:00:00;61;167,91;153;421,14;139
Las Tablas;2020/04/10 07:00:00;43;135,45;102;321,3;140
Lavapiés;2020/04/10 07:00:00;64;246,07;134;515,21;141
Leganés Norte;2020/04/10 07:00:00;185;1304,29;241;1699,1;142
Legazpi;2020/04/10 07:00:00;83;323,85;178;694,53;143
Londres;2020/04/10 07:00:00;41;295,75;118;851,19;144
Los Alperchines;2020/04/10 07:00:00;64;327,35;146;746,76;145
Los Ángeles;2020/04/10 07:00:00;84;236,49;277;779,84;146
Los Castillos;2020/04/10 07:00:00;92;428,19;189;879,64;147
Los Cármenes;2020/04/10 07:00:00;54;186,62;139;480,37;148
Los Fresnos;2020/04/10 07:00:00;13;109,02;49;410,94;149
Los Pedroches;2020/04/10 07:00:00;139;547,18;334;1314,81;150
Los Rosales;2020/04/10 07:00:00;58;292,96;169;853,62;151
Los Yébenes;2020/04/10 07:00:00;70;190,01;222;602,61;152
Lucero;2020/04/10 07:00:00;126;310,54;366;902,03;153
Luis Vives;2020/04/10 07:00:00;59;207,66;213;749,68;154
Majadahonda;2020/04/10 07:00:00;84;175,84;244;510,76;155
Manuel Merino;2020/04/10 07:00:00;33;262,66;150;1193,89;156
Manzanares El Real;2020/04/10 07:00:00;29;193,42;47;313,48;157
Maqueda;2020/04/10 07:00:00;106;363,09;221;757;158
Mar Báltico;2020/04/10 07:00:00;211;356,98;483;817,16;159
Marqués de la Valdavia;2020/04/10 07:00:00;31;183,22;61;360,52;160
Martín de Vargas;2020/04/10 07:00:00;56;309,79;111;614,04;161
Martínez de la Riva;2020/04/10 07:00:00;52;313,2;117;704,69;162
María Curie;2020/04/10 07:00:00;33;241,92;79;579,14;163
María Montessori;2020/04/10 07:00:00;103;677,05;190;1248,93;164
María de Guzmán;2020/04/10 07:00:00;67;309,84;240;1109,88;165
Meco;2020/04/10 07:00:00;41;172,04;171;717,55;166
Media Legua;2020/04/10 07:00:00;134;591,9;274;1210,3;167
Mejorada del Campo;2020/04/10 07:00:00;121;275,44;245;557,71;168
Mendiguchía Carriche;2020/04/10 07:00:00;115;449,9;240;938,93;169
Miguel Servet;2020/04/10 07:00:00;78;471,19;138;833,64;170
Miguel de Cervantes;2020/04/10 07:00:00;63;237,89;278;1049,73;171
Miraflores;2020/04/10 07:00:00;53;222,6;99;415,79;172
Mirasierra;2020/04/10 07:00:00;113;366,78;213;691,36;173
Monforte de Lemos;2020/04/10 07:00:00;101;639,12;194;1227,62;174
Monovar;2020/04/10 07:00:00;76;405,74;164;875,55;175
Montecarmelo;2020/04/10 07:00:00;33;183,97;90;501,73;176
Monterrozas;2020/04/10 07:00:00;157;431,63;260;714,8;177
Montesa;2020/04/10 07:00:00;106;392,36;268;992;178
Moralzarzal;2020/04/10 07:00:00;30;230,38;53;407;179
Morata de Tajuña;2020/04/10 07:00:00;16;206;79;1017,12;180
María Jesús Hereza;2020/04/10 07:00:00;207;603,39;438;1276,74;181
Méndez Álvaro;2020/04/10 07:00:00;18;202,27;41;460,73;182
Navalcarnero;2020/04/10 07:00:00;58;144,16;146;362,89;183
Navas del Rey;2020/04/10 07:00:00;10;147,6;54;797,05;184
Nuestra Señora del Pilar;2020/04/10 07:00:00;49;248,92;176;894,08;185
Numancia;2020/04/10 07:00:00;112;429,58;246;943,54;186
Nuñez Morgado;2020/04/10 07:00:00;77;335,92;174;759,1;187
Opañel;2020/04/10 07:00:00;73;325,01;176;783,58;188
Orcasitas;2020/04/10 07:00:00;41;179,2;142;620,63;189
Orcasur;2020/04/10 07:00:00;37;283,35;95;727,52;190
Pacífico;2020/04/10 07:00:00;107;310,75;260;755,09;191
Palma Universidad;2020/04/10 07:00:00;78;306,76;150;589,92;192
Palomares;2020/04/10 07:00:00;93;523,09;196;1102,42;193
Panaderas;2020/04/10 07:00:00;82;214,45;224;585,82;194
Paracuellos del Jarama;2020/04/10 07:00:00;33;143,42;60;260,77;195
Parque Coimbra;2020/04/10 07:00:00;57;423,01;103;764,38;196
Parque Europa;2020/04/10 07:00:00;39;126,75;99;321,75;197
Parque Loranca;2020/04/10 07:00:00;39;125,58;113;363,87;198
Parque Oeste;2020/04/10 07:00:00;47;330,43;87;611,64;199
Pavones;2020/04/10 07:00:00;82;511,13;181;1128,22;200
Perales de Tajuña;2020/04/10 07:00:00;25;283,19;63;713,64;201
Perales del Río;2020/04/10 07:00:00;28;297,43;60;637,35;202
Peña Prieta;2020/04/10 07:00:00;73;367,61;155;780,54;203
Peñagrande;2020/04/10 07:00:00;130;473,67;267;972,85;204
Pilar;2020/04/10 07:00:00;200;461,67;492;1135,71;205
Pinto;2020/04/10 07:00:00;17;75,95;65;290,4;206
Pintores;2020/04/10 07:00:00;33;121,26;100;367,46;207
Pizarro;2020/04/10 07:00:00;95;577,72;185;1125,03;208
Portazgo;2020/04/10 07:00:00;114;532,09;227;1059,51;209
Potosí;2020/04/10 07:00:00;114;385,43;205;693,11;210
Pozo de Tío Raimundo;2020/04/10 07:00:00;34;355,13;83;866,93;211
Pozuelo - Estación;2020/04/10 07:00:00;62;170,47;195;536,17;212
Pozuelo - Somosaguas;2020/04/10 07:00:00;28;132,36;106;501,09;213
Presentación Sabio;2020/04/10 07:00:00;43;153,96;126;451,13;214
Prosperidad;2020/04/10 07:00:00;201;359,18;476;850,59;215
Puerta Bonita;2020/04/10 07:00:00;54;307,45;125;711,68;216
Puerta de Madrid;2020/04/10 07:00:00;35;253,57;131;949,07;217
Puerta del Ángel;2020/04/10 07:00:00;57;273,67;136;652,97;218
Quinta de los Molinos;2020/04/10 07:00:00;21;104,14;64;317,38;219
Rafael Alberti;2020/04/10 07:00:00;69;309,57;162;726,82;220
Ramón y Cajal;2020/04/10 07:00:00;112;480,19;191;818,9;221
Rascafría;2020/04/10 07:00:00;;133,21;6;266,43;222
Reina Victoria;2020/04/10 07:00:00;136;407,89;352;1055,73;223
Rejas;2020/04/10 07:00:00;27;156,89;71;412,55;224
Reyes Católicos;2020/04/10 07:00:00;65;322,2;106;525,43;225
Reyes Magos;2020/04/10 07:00:00;90;302,85;327;1100,34;226
Rivas - La Paz;2020/04/10 07:00:00;81;249,01;163;501,09;227
Rivas - Santa Mónica;2020/04/10 07:00:00;78;218,94;177;496,83;228
Rivas - 1º de Mayo;2020/04/10 07:00:00;29;161,33;79;439,47;229
Robledo de Chavela;2020/04/10 07:00:00;11;133,58;20;242,87;230
Rosa Luxemburgo;2020/04/10 07:00:00;64;277,71;97;420,9;231
San Andrés;2020/04/10 07:00:00;71;215,96;176;535,33;232
San Blas;2020/04/10 07:00:00;39;110,02;128;361,08;233
San Cristóbal;2020/04/10 07:00:00;40;189,85;118;560,06;234
San Diego;2020/04/10 07:00:00;127;431,01;266;902,74;235
San Fermín;2020/04/10 07:00:00;56;214,05;197;753;236
San Fernando;2020/04/10 07:00:00;68;302,54;144;640,68;237
San Isidro;2020/04/10 07:00:00;48;299,21;134;835,31;238
San Juan de la Cruz;2020/04/10 07:00:00;48;155,96;137;445,14;239
San Lorenzo de El Escorial;2020/04/10 07:00:00;30;148,02;67;330,57;240
San Martín de Valdeiglesias;2020/04/10 07:00:00;20;178,67;62;553,87;241
San Martín de la Vega;2020/04/10 07:00:00;14;68,75;56;274,98;242
Sanchinarro;2020/04/10 07:00:00;56;196,64;134;470,54;243
Santa Eugenia;2020/04/10 07:00:00;99;352,66;245;872,76;244
Sector Embarcaciones;2020/04/10 07:00:00;74;324,66;125;548,41;245
Sector III;2020/04/10 07:00:00;64;223,6;166;579,95;246
Sector Oficios;2020/04/10 07:00:00;71;281,11;112;443,44;247
Segovia;2020/04/10 07:00:00;63;269,74;133;569,45;248
Segre;2020/04/10 07:00:00;97;252,44;260;676,64;249
Sevilla la Nueva;2020/04/10 07:00:00;22;187,12;39;331,72;250
Sierra de Guadarrama;2020/04/10 07:00:00;27;156,27;57;329,9;251
Silvano;2020/04/10 07:00:00;92;241,78;213;559,78;252
Simancas;2020/04/10 07:00:00;69;401,63;163;948,78;253
Soto del Real;2020/04/10 07:00:00;54;226,42;111;465,41;254
Sánchez Morate;2020/04/10 07:00:00;37;160,33;83;359,67;255
Torrelaguna;2020/04/10 07:00:00;11;172,25;17;266,21;256
Torrelodones;2020/04/10 07:00:00;69;205,39;124;369,1;257
Torres de la Alameda;2020/04/10 07:00:00;43;195,92;162;738,11;258
V Centenario;2020/04/10 07:00:00;34;160,95;55;260,37;259
Valdeacederas;2020/04/10 07:00:00;107;409,21;263;1005,81;260
Valdebernardo;2020/04/10 07:00:00;83;431,37;183;951,09;261
Valdelasfuentes;2020/04/10 07:00:00;59;244,62;108;447,78;262
Valdemorillo;2020/04/10 07:00:00;17;140,25;26;214,5;263
Valdemoro;2020/04/10 07:00:00;49;131,05;351;938,78;264
Valderribas;2020/04/10 07:00:00;44;242,01;96;528,02;265
Valdezarza;2020/04/10 07:00:00;168;353,18;386;811,47;266
Valle Inclán;2020/04/10 07:00:00;23;222,8;89;862,15;267
Valle de la Oliva;2020/04/10 07:00:00;31;102,66;93;307,98;268
Valleaguado;2020/04/10 07:00:00;83;328,92;163;645,95;269
Vandel;2020/04/10 07:00:00;93;387,23;235;978,47;270
Vicente Muzas;2020/04/10 07:00:00;54;246,38;123;561,21;271
Vicálvaro - Artilleros;2020/04/10 07:00:00;93;445,68;205;982,41;272
Vicálvaro - Villablanca;2020/04/10 07:00:00;60;441,21;136;1000,07;273
Villa Vallecas;2020/04/10 07:00:00;129;436,62;417;1411,41;274
Villa del Prado;2020/04/10 07:00:00;30;312,08;70;728,18;275
Villaamil;2020/04/10 07:00:00;113;441,27;232;905,97;276
Villanueva de la Cañada;2020/04/10 07:00:00;38;100,96;127;337,42;277
Villanueva del Pardillo;2020/04/10 07:00:00;14;82,89;61;361,18;278
Villarejo de Salvanés;2020/04/10 07:00:00;23;161,7;63;442,91;279
Villaviciosa de Odón;2020/04/10 07:00:00;47;169,43;146;526,32;280
Vinateros - Torito;2020/04/10 07:00:00;153;441,21;314;905,5;281
Virgen de Begoña;2020/04/10 07:00:00;79;766,77;136;1320;282
Virgen del Cortijo;2020/04/10 07:00:00;40;280,11;91;637,25;283
Virgen del Val;2020/04/10 07:00:00;24;197,43;111;913,13;284
Vista Alegre;2020/04/10 07:00:00;78;164,64;196;413,7;285
Zofío;2020/04/10 07:00:00;81;279,54;239;824,82;286
Abrantes;2020/04/09 07:00:00;82;277,89;198;671;1
Acacias;2020/04/09 07:00:00;58;298,19;125;642,64;2
Adelfas;2020/04/09 07:00:00;125;451,23;274;989,1;3
Alameda;2020/04/09 07:00:00;58;269,23;106;492,04;4
Alameda de Osuna;2020/04/09 07:00:00;97;315,65;209;680,12;5
Alcalde Bartolomé González;2020/04/09 07:00:00;86;373,39;152;659,95;6
Alcalá de Guadaira;2020/04/09 07:00:00;55;421,07;127;972,29;7
Alcobendas - Chopera;2020/04/09 07:00:00;73;230,79;110;347,76;8
Alcocer;2020/04/09 07:00:00;53;404,21;122;930,45;9
Algete;2020/04/09 07:00:00;73;246,11;103;347,25;10
Alicante;2020/04/09 07:00:00;53;188,32;145;515,21;11
Almendrales;2020/04/09 07:00:00;66;240,81;149;543,64;12
Alpedrete;2020/04/09 07:00:00;34;235,57;69;478,07;13
Alpes;2020/04/09 07:00:00;141;363,04;263;677,15;14
Andrés Mellado;2020/04/09 07:00:00;87;358,39;168;692,07;15
Ángela Uriarte;2020/04/09 07:00:00;98;355,83;207;751,61;16
Antonio Leyva;2020/04/09 07:00:00;38;314,18;72;595,29;17
Aquitania;2020/04/09 07:00:00;77;326,89;164;696,24;18
Aranjuez;2020/04/09 07:00:00;117;264,94;247;559,32;19
Aravaca;2020/04/09 07:00:00;102;257,81;200;505,51;20
Arganda del Rey;2020/04/09 07:00:00;99;409,63;157;649,62;21
Arganda - Felicidad;2020/04/09 07:00:00;52;153,96;102;301,99;22
Argüelles;2020/04/09 07:00:00;79;298,29;141;532,4;23
Arroyomolinos;2020/04/09 07:00:00;65;249,15;113;433,13;24
Barajas;2020/04/09 07:00:00;51;232,34;87;396,34;25
Barcelona;2020/04/09 07:00:00;63;259,34;118;485,76;26
Barrio del Puerto;2020/04/09 07:00:00;40;284,82;87;619,48;27
Baviera;2020/04/09 07:00:00;58;395,23;115;783,65;28
Benita de Ávila;2020/04/09 07:00:00;94;450,15;191;914,66;29
Boadilla del Monte;2020/04/09 07:00:00;81;153,3;187;353,92;30
Brújula;2020/04/09 07:00:00;48;225,46;150;704,56;31
Buenavista;2020/04/09 07:00:00;60;254,74;175;743,01;32
Buitrago de Lozoya;2020/04/09 07:00:00;12;250;27;562,5;33
Bustarviejo;2020/04/09 07:00:00;111;523,96;196;925,18;34
Butarque;2020/04/09 07:00:00;39;213,48;89;487,16;35
Cadalso de los Vidrios;2020/04/09 07:00:00;;74,13;19;352,11;36
Campamento;2020/04/09 07:00:00;74;483;151;985,58;37
Campo Real;2020/04/09 07:00:00;32;183,26;62;355,06;38
Campo de la Paloma;2020/04/09 07:00:00;79;409,71;181;938,7;39
Canal de Panamá;2020/04/09 07:00:00;77;257,15;182;607,8;40
Canillejas;2020/04/09 07:00:00;113;288,96;221;565,13;41
Carabanchel Alto;2020/04/09 07:00:00;60;277,7;133;615,57;42
Caramuel;2020/04/09 07:00:00;81;332,09;144;590,38;43
Carmen Calzado;2020/04/09 07:00:00;60;361,03;161;968,77;44
Casa de Campo;2020/04/09 07:00:00;58;437,14;99;746,16;45
Castelló;2020/04/09 07:00:00;53;235,96;103;458,57;46
Castilla la Nueva;2020/04/09 07:00:00;64;265,51;153;634,72;47
Cea Bermúdez;2020/04/09 07:00:00;85;339,89;144;575,82;48
Cercedilla;2020/04/09 07:00:00;52;364,09;105;735,19;49
Chopera;2020/04/09 07:00:00;139;376,7;268;726,31;50
Ciempozuelos;2020/04/09 07:00:00;48;180,05;140;525,13;51
Ciudad San Pablo;2020/04/09 07:00:00;34;268,63;82;647,86;52
Ciudad de los Periodistas;2020/04/09 07:00:00;135;490,71;256;930,54;53
Collado Mediano;2020/04/09 07:00:00;19;153,91;31;251,11;54
Collado Villalba Estación;2020/04/09 07:00:00;60;187,83;102;319,31;55
Collado Villalba Pueblo;2020/04/09 07:00:00;42;209,44;80;398,94;56
Colmenar Viejo Norte;2020/04/09 07:00:00;68;283,77;114;475,73;57
Colmenar Viejo Sur;2020/04/09 07:00:00;77;291,23;106;400,91;58
Colmenar de Oreja;2020/04/09 07:00:00;22;124,87;47;266,77;59
Comillas;2020/04/09 07:00:00;73;320,5;165;724,41;60
Cortes;2020/04/09 07:00:00;70;234,48;143;479,01;61
Coslada - Jaime Vera;2020/04/09 07:00:00;73;545,26;142;1060,65;62
Cuzco;2020/04/09 07:00:00;67;275;145;595,14;63
Daganzo de Arriba;2020/04/09 07:00:00;28;162,6;56;325,2;64
Daroca;2020/04/09 07:00:00;158;377,39;277;661,62;65
Dehesa Vieja;2020/04/09 07:00:00;33;120,45;59;215,35;66
Dos de Mayo;2020/04/09 07:00:00;143;389,9;252;687,1;67
Doctor Cirajas;2020/04/09 07:00:00;134;350,39;254;664,17;68
Doctor Laín Entralgo;2020/04/09 07:00:00;119;471,23;191;756,35;69
Doctor Luengo Rodríguez;2020/04/09 07:00:00;97;292,72;180;543,18;70
Doctor Tamames;2020/04/09 07:00:00;80;346,62;151;654,25;71
Doctor Trueta;2020/04/09 07:00:00;48;375,15;71;554,9;72
El Bercial;2020/04/09 07:00:00;27;187,19;46;318,91;73
El Escorial;2020/04/09 07:00:00;19;114,3;40;240,63;74
El Espinillo;2020/04/09 07:00:00;27;146,76;94;510,93;75
El Greco;2020/04/09 07:00:00;35;159,36;71;323,27;76
El Juncal;2020/04/09 07:00:00;65;230,19;160;566,63;77
El Molar;2020/04/09 07:00:00;48;146,82;78;238,58;78
El Naranjo;2020/04/09 07:00:00;51;247,92;111;539,59;79
El Pardo;2020/04/09 07:00:00;19;659,04;36;1248,7;80
El Restón;2020/04/09 07:00:00;35;89,72;196;502,45;81
El Soto;2020/04/09 07:00:00;87;447,97;153;787,81;82
Eloy Gonzalo;2020/04/09 07:00:00;98;277,89;182;516,08;83
Embajadores;2020/04/09 07:00:00;112;362,72;191;618,56;84
Ensanche Vallecas;2020/04/09 07:00:00;143;291,77;321;654,94;85
Entrevías;2020/04/09 07:00:00;138;485,76;273;960,96;86
Espronceda;2020/04/09 07:00:00;159;390,77;280;688,15;87
Estrecho de Corea;2020/04/09 07:00:00;115;360,94;230;721,89;88
Estrella;2020/04/09 07:00:00;65;446,98;118;811,44;89
Europa;2020/04/09 07:00:00;138;685,1;235;1166,66;90
Federica Montseny;2020/04/09 07:00:00;113;510,07;262;1182,63;91
Felipe II;2020/04/09 07:00:00;85;400,98;139;655,72;92
Francia;2020/04/09 07:00:00;92;245,08;241;642;93
Fuencarral;2020/04/09 07:00:00;79;294,66;144;537,09;94
Fuente el Saz;2020/04/09 07:00:00;34;181,04;55;292,86;95
Fuentelarreina;2020/04/09 07:00:00;93;427,45;155;712,41;96
Galapagar;2020/04/09 07:00:00;65;157,54;140;339,32;97
Gandhi;2020/04/09 07:00:00;92;476,86;154;798,22;98
García Noblejas;2020/04/09 07:00:00;76;322,8;152;645,6;99
General Fanjul;2020/04/09 07:00:00;96;413,47;157;676,2;100
General Moscardó;2020/04/09 07:00:00;96;482,07;181;908,91;101
General Oráa;2020/04/09 07:00:00;69;371,97;159;857,14;102
General Ricardos;2020/04/09 07:00:00;94;338,86;193;695,75;103
Getafe Norte;2020/04/09 07:00:00;28;186,29;50;332,67;104
Goya;2020/04/09 07:00:00;214;352,11;461;758,52;105
Gregorio Marañón;2020/04/09 07:00:00;131;461,95;220;775,8;106
Griñón;2020/04/09 07:00:00;67;179,55;146;391,26;107
Guadarrama;2020/04/09 07:00:00;45;284,85;75;474,74;108
Guayaba;2020/04/09 07:00:00;50;281,06;133;747,61;109
Guzmán el Bueno;2020/04/09 07:00:00;93;400,1;171;735,67;110
Huerta de Los Frailes;2020/04/09 07:00:00;99;695,52;160;1124,07;111
Humanes de Madrid;2020/04/09 07:00:00;38;146,36;91;350,49;112
Ibiza;2020/04/09 07:00:00;151;437,72;327;947,91;113
Imperial;2020/04/09 07:00:00;106;400,39;193;729,02;114
Infanta Mercedes;2020/04/09 07:00:00;59;404,77;102;699,78;115
Isabel II;2020/04/09 07:00:00;137;384,12;206;577,58;116
Jazmín;2020/04/09 07:00:00;69;253,84;159;584,95;117
Juan de Austria;2020/04/09 07:00:00;57;268,32;185;870,88;118
Juan de la Cierva;2020/04/09 07:00:00;67;212,56;148;469,54;119
Justicia;2020/04/09 07:00:00;41;255,6;73;455,08;120
La Cabrera;2020/04/09 07:00:00;21;309,64;29;427,6;121
La Elipa;2020/04/09 07:00:00;61;447,71;113;829,36;122
La Garena;2020/04/09 07:00:00;14;207,75;52;771,63;123
La Marazuela;2020/04/09 07:00:00;16;140,65;33;290,08;124
La Moraleja;2020/04/09 07:00:00;39;157,68;76;307,27;125
La Plata;2020/04/09 07:00:00;38;147,21;112;433,87;126
La Princesa;2020/04/09 07:00:00;68;350,79;125;644,83;127
La Ribota;2020/04/09 07:00:00;63;248,06;104;409,5;128
La Ventilla;2020/04/09 07:00:00;114;502,09;218;960,14;129
La Veredilla;2020/04/09 07:00:00;38;229,64;92;555,96;130
Las Águilas;2020/04/09 07:00:00;121;441,69;193;704,51;131
Las Américas;2020/04/09 07:00:00;58;151,13;140;364,8;132
Las Calesas;2020/04/09 07:00:00;113;377,07;208;694,07;133
Las Ciudades;2020/04/09 07:00:00;34;175,1;83;427,46;134
Las Fronteras;2020/04/09 07:00:00;79;229,14;219;635,22;135
Las Margaritas;2020/04/09 07:00:00;54;193,34;96;343,72;136
Las Matas;2020/04/09 07:00:00;18;152,96;30;254,93;137
Las Olivas;2020/04/09 07:00:00;49;254,28;96;498,18;138
Las Rozas;2020/04/09 07:00:00;70;192,68;149;410,13;139
Las Tablas;2020/04/09 07:00:00;46;144,9;96;302,4;140
Lavapiés;2020/04/09 07:00:00;73;280,67;135;519,05;141
Leganés Norte;2020/04/09 07:00:00;195;1374,79;241;1699,1;142
Legazpi;2020/04/09 07:00:00;87;339,46;174;678,92;143
Londres;2020/04/09 07:00:00;49;353,46;116;836,76;144
Los Alperchines;2020/04/09 07:00:00;77;393,84;145;741,65;145
Los Ángeles;2020/04/09 07:00:00;112;315,32;273;768,58;146
Los Castillos;2020/04/09 07:00:00;102;474,73;187;870,33;147
Los Cármenes;2020/04/09 07:00:00;62;214,27;135;466,55;148
Los Fresnos;2020/04/09 07:00:00;17;142,57;47;394,16;149
Los Pedroches;2020/04/09 07:00:00;163;641,66;330;1299,06;150
Los Rosales;2020/04/09 07:00:00;72;363,67;164;828,37;151
Los Yébenes;2020/04/09 07:00:00;84;228,01;213;578,18;152
Lucero;2020/04/09 07:00:00;180;443,62;358;882,32;153
Luis Vives;2020/04/09 07:00:00;72;253,41;210;739,12;154
Majadahonda;2020/04/09 07:00:00;93;194,67;242;506,57;155
Manuel Merino;2020/04/09 07:00:00;39;310,41;148;1177,97;156
Manzanares El Real;2020/04/09 07:00:00;32;213,43;46;306,81;157
Maqueda;2020/04/09 07:00:00;134;459;213;729,6;158
Mar Báltico;2020/04/09 07:00:00;247;417,89;477;807,01;159
Marqués de la Valdavia;2020/04/09 07:00:00;35;206,86;60;354,61;160
Martín de Vargas;2020/04/09 07:00:00;68;376,17;110;608,51;161
Martínez de la Riva;2020/04/09 07:00:00;64;385,47;118;710,71;162
María Curie;2020/04/09 07:00:00;37;271,24;80;586,47;163
María Montessori;2020/04/09 07:00:00;109;716,49;186;1222,64;164
María de Guzmán;2020/04/09 07:00:00;90;416,2;241;1114,5;165
Meco;2020/04/09 07:00:00;53;222,4;172;721,75;166
Media Legua;2020/04/09 07:00:00;151;666,99;265;1170,55;167
Mejorada del Campo;2020/04/09 07:00:00;136;309,58;241;548,6;168
Mendiguchía Carriche;2020/04/09 07:00:00;128;500,76;235;919,37;169
Miguel Servet;2020/04/09 07:00:00;81;489,31;134;809,47;170
Miguel de Cervantes;2020/04/09 07:00:00;80;302,08;267;1008,19;171
Miraflores;2020/04/09 07:00:00;53;222,6;95;398,99;172
Mirasierra;2020/04/09 07:00:00;115;373,27;212;688,11;173
Monforte de Lemos;2020/04/09 07:00:00;108;683,41;183;1158,01;174
Monovar;2020/04/09 07:00:00;83;443,12;160;854,2;175
Montecarmelo;2020/04/09 07:00:00;43;239,71;88;490,58;176
Monterrozas;2020/04/09 07:00:00;160;439,87;255;701,05;177
Montesa;2020/04/09 07:00:00;122;451,58;261;966,09;178
Moralzarzal;2020/04/09 07:00:00;36;276,46;49;376,29;179
Morata de Tajuña;2020/04/09 07:00:00;20;257,5;77;991,37;180
María Jesús Hereza;2020/04/09 07:00:00;236;687,93;438;1276,74;181
Méndez Álvaro;2020/04/09 07:00:00;20;224,74;40;449,49;182
Navalcarnero;2020/04/09 07:00:00;69;171,5;136;338,03;183
Navas del Rey;2020/04/09 07:00:00;9;132,84;51;752,77;184
Nuestra Señora del Pilar;2020/04/09 07:00:00;61;309,88;170;863,6;185
Numancia;2020/04/09 07:00:00;128;490,95;245;939,71;186
Nuñez Morgado;2020/04/09 07:00:00;86;375,19;172;750,37;187
Opañel;2020/04/09 07:00:00;98;436,31;168;747,96;188
Orcasitas;2020/04/09 07:00:00;61;266,61;132;576,92;189
Orcasur;2020/04/09 07:00:00;47;359,93;92;704,55;190
Pacífico;2020/04/09 07:00:00;110;319,46;247;717,34;191
Palma Universidad;2020/04/09 07:00:00;82;322,49;147;578,13;192
Palomares;2020/04/09 07:00:00;101;568,09;195;1096,8;193
Panaderas;2020/04/09 07:00:00;91;237,99;221;577,97;194
Paracuellos del Jarama;2020/04/09 07:00:00;40;173,85;62;269,46;195
Parque Coimbra;2020/04/09 07:00:00;63;467,53;100;742,12;196
Parque Europa;2020/04/09 07:00:00;39;126,75;94;305,5;197
Parque Loranca;2020/04/09 07:00:00;44;141,68;111;357,43;198
Parque Oeste;2020/04/09 07:00:00;50;351,52;83;583,52;199
Pavones;2020/04/09 07:00:00;88;548,53;173;1078,35;200
Perales de Tajuña;2020/04/09 07:00:00;46;521,07;61;690,98;201
Perales del Río;2020/04/09 07:00:00;27;286,81;55;584,24;202
Peña Prieta;2020/04/09 07:00:00;80;402,86;153;770,47;203
Peñagrande;2020/04/09 07:00:00;142;517,4;261;950,99;204
Pilar;2020/04/09 07:00:00;232;535,54;492;1135,71;205
Pinto;2020/04/09 07:00:00;15;67,02;60;268,06;206
Pintores;2020/04/09 07:00:00;42;154,33;103;378,48;207
Pizarro;2020/04/09 07:00:00;100;608,12;180;1094,62;208
Portazgo;2020/04/09 07:00:00;122;569,43;219;1022,17;209
Potosí;2020/04/09 07:00:00;124;419,24;202;682,96;210
Pozo de Tío Raimundo;2020/04/09 07:00:00;35;365,57;80;835,6;211
Pozuelo - Estación;2020/04/09 07:00:00;74;203,47;199;547,17;212
Pozuelo - Somosaguas;2020/04/09 07:00:00;43;203,27;107;505,81;213
Presentación Sabio;2020/04/09 07:00:00;56;200,5;122;436,81;214
Prosperidad;2020/04/09 07:00:00;218;389,56;476;850,59;215
Puerta Bonita;2020/04/09 07:00:00;65;370,08;123;700,3;216
Puerta de Madrid;2020/04/09 07:00:00;43;311,53;128;927,33;217
Puerta del Ángel;2020/04/09 07:00:00;80;384,1;133;638,56;218
Quinta de los Molinos;2020/04/09 07:00:00;25;123,98;62;307,46;219
Rafael Alberti;2020/04/09 07:00:00;76;340,98;159;713,36;220
Ramón y Cajal;2020/04/09 07:00:00;121;518,78;185;793,17;221
Rascafría;2020/04/09 07:00:00;;177,62;6;266,43;222
Reina Victoria;2020/04/09 07:00:00;156;467,88;346;1037,73;223
Rejas;2020/04/09 07:00:00;29;168,51;69;400,93;224
Reyes Católicos;2020/04/09 07:00:00;75;371,77;103;510,56;225
Reyes Magos;2020/04/09 07:00:00;119;400,43;321;1080,15;226
Rivas - La Paz;2020/04/09 07:00:00;98;301,27;160;491,87;227
Rivas - Santa Mónica;2020/04/09 07:00:00;99;277,89;179;502,44;228
Rivas - 1º de Mayo;2020/04/09 07:00:00;43;239,21;81;450,6;229
Robledo de Chavela;2020/04/09 07:00:00;11;133,58;22;267,15;230
Rosa Luxemburgo;2020/04/09 07:00:00;75;325,44;94;407,88;231
San Andrés;2020/04/09 07:00:00;67;203,79;158;480,58;232
San Blas;2020/04/09 07:00:00;49;138,23;123;346,98;233
San Cristóbal;2020/04/09 07:00:00;43;204,09;111;526,84;234
San Diego;2020/04/09 07:00:00;149;505,67;260;882,37;235
San Fermín;2020/04/09 07:00:00;71;271,39;185;707,13;236
San Fernando;2020/04/09 07:00:00;69;306,99;136;605,09;237
San Isidro;2020/04/09 07:00:00;60;374,02;127;791,67;238
San Juan de la Cruz;2020/04/09 07:00:00;47;152,71;134;435,39;239
San Lorenzo de El Escorial;2020/04/09 07:00:00;28;138,15;61;300,97;240
San Martín de Valdeiglesias;2020/04/09 07:00:00;27;241,2;62;553,87;241
San Martín de la Vega;2020/04/09 07:00:00;19;93,3;57;279,89;242
Sanchinarro;2020/04/09 07:00:00;66;231,76;131;460;243
Santa Eugenia;2020/04/09 07:00:00;114;406,1;239;851,38;244
Sector Embarcaciones;2020/04/09 07:00:00;80;350,98;127;557,19;245
Sector III;2020/04/09 07:00:00;69;241,06;162;565,98;246
Sector Oficios;2020/04/09 07:00:00;71;281,11;106;419,69;247
Segovia;2020/04/09 07:00:00;69;295,43;131;560,88;248
Segre;2020/04/09 07:00:00;105;273,26;261;679,25;249
Sevilla la Nueva;2020/04/09 07:00:00;20;170,11;37;314,71;250
Sierra de Guadarrama;2020/04/09 07:00:00;31;179,42;55;318,32;251
Silvano;2020/04/09 07:00:00;114;299,6;210;551,89;252
Simancas;2020/04/09 07:00:00;84;488,94;161;937,14;253
Soto del Real;2020/04/09 07:00:00;60;251,57;104;436,06;254
Sánchez Morate;2020/04/09 07:00:00;29;125,67;76;329,33;255
Torrelaguna;2020/04/09 07:00:00;12;187,91;19;297,53;256
Torrelodones;2020/04/09 07:00:00;71;211,34;122;363,15;257
Torres de la Alameda;2020/04/09 07:00:00;51;232,37;159;724,44;258
V Centenario;2020/04/09 07:00:00;35;165,69;53;250,9;259
Valdeacederas;2020/04/09 07:00:00;121;462,75;265;1013,46;260
Valdebernardo;2020/04/09 07:00:00;92;478,15;181;940,7;261
Valdelasfuentes;2020/04/09 07:00:00;70;290,23;104;431,2;262
Valdemorillo;2020/04/09 07:00:00;15;123,75;24;198;263
Valdemoro;2020/04/09 07:00:00;47;125,71;336;898,66;264
Valderribas;2020/04/09 07:00:00;41;225,51;92;506,02;265
Valdezarza;2020/04/09 07:00:00;190;399,43;373;784,14;266
Valle Inclán;2020/04/09 07:00:00;45;435,92;87;842,78;267
Valle de la Oliva;2020/04/09 07:00:00;35;115,91;91;301,35;268
Valleaguado;2020/04/09 07:00:00;93;368,55;163;645,95;269
Vandel;2020/04/09 07:00:00;112;466,34;232;965,98;270
Vicente Muzas;2020/04/09 07:00:00;68;310,26;124;565,77;271
Vicálvaro - Artilleros;2020/04/09 07:00:00;105;503,19;203;972,83;272
Vicálvaro - Villablanca;2020/04/09 07:00:00;58;426,5;127;933,89;273
Villa Vallecas;2020/04/09 07:00:00;158;534,78;420;1421,56;274
Villa del Prado;2020/04/09 07:00:00;48;499,32;69;717,78;275
Villaamil;2020/04/09 07:00:00;133;519,37;233;909,87;276
Villanueva de la Cañada;2020/04/09 07:00:00;40;106,27;124;329,45;277
Villanueva del Pardillo;2020/04/09 07:00:00;14;82,89;58;343,42;278
Villarejo de Salvanés;2020/04/09 07:00:00;25;175,76;59;414,79;279
Villaviciosa de Odón;2020/04/09 07:00:00;66;237,92;136;490,27;280
Vinateros - Torito;2020/04/09 07:00:00;165;475,82;304;876,66;281
Virgen de Begoña;2020/04/09 07:00:00;84;815,3;137;1329,71;282
Virgen del Cortijo;2020/04/09 07:00:00;46;322,13;94;658,26;283
Virgen del Val;2020/04/09 07:00:00;36;296,15;109;896,68;284
Vista Alegre;2020/04/09 07:00:00;81;170,97;191;403,15;285
Zofío;2020/04/09 07:00:00;114;393,43;234;807,56;286
Abrantes;2020/04/08 07:00:00;102;345,67;194;657,45;1
Acacias;2020/04/08 07:00:00;70;359,88;130;668,35;2
Adelfas;2020/04/08 07:00:00;140;505,38;271;978,27;3
Alameda;2020/04/08 07:00:00;64;297,08;105;487,4;4
Alameda de Osuna;2020/04/08 07:00:00;108;351,45;206;670,35;5
Alcalde Bartolomé González;2020/04/08 07:00:00;95;412,47;146;633,9;6
Alcalá de Guadaira;2020/04/08 07:00:00;54;413,41;119;911,04;7
Alcobendas - Chopera;2020/04/08 07:00:00;76;240,27;108;341,44;8
Alcocer;2020/04/08 07:00:00;60;457,6;117;892,31;9
Algete;2020/04/08 07:00:00;73;246,11;102;343,87;10
Alicante;2020/04/08 07:00:00;70;248,72;144;511,65;11
Almendrales;2020/04/08 07:00:00;81;295,53;145;529,04;12
Alpedrete;2020/04/08 07:00:00;39;270,21;67;464,21;13
Alpes;2020/04/08 07:00:00;149;383,64;261;672;14
Andrés Mellado;2020/04/08 07:00:00;105;432,54;166;683,83;15
Ángela Uriarte;2020/04/08 07:00:00;120;435,71;207;751,61;16
Antonio Leyva;2020/04/08 07:00:00;39;322,45;68;562,22;17
Aquitania;2020/04/08 07:00:00;90;382,08;161;683,51;18
Aranjuez;2020/04/08 07:00:00;135;305,7;241;545,73;19
Aravaca;2020/04/08 07:00:00;98;247,7;184;465,07;20
Arganda del Rey;2020/04/08 07:00:00;106;438,6;153;633,07;21
Arganda - Felicidad;2020/04/08 07:00:00;56;165,8;99;293,11;22
Argüelles;2020/04/08 07:00:00;80;302,07;131;494,64;23
Arroyomolinos;2020/04/08 07:00:00;75;287,48;106;406,3;24
Barajas;2020/04/08 07:00:00;56;255,11;88;400,89;25
Barcelona;2020/04/08 07:00:00;72;296,39;117;481,64;26
Barrio del Puerto;2020/04/08 07:00:00;41;291,94;88;626,6;27
Baviera;2020/04/08 07:00:00;65;442,93;112;763,2;28
Benita de Ávila;2020/04/08 07:00:00;108;517,19;187;895,51;29
Boadilla del Monte;2020/04/08 07:00:00;64;121,13;173;327,42;30
Brújula;2020/04/08 07:00:00;56;263,03;152;713,95;31
Buenavista;2020/04/08 07:00:00;77;326,92;177;751,5;32
Buitrago de Lozoya;2020/04/08 07:00:00;12;250;26;541,67;33
Bustarviejo;2020/04/08 07:00:00;109;514,51;189;892,14;34
Butarque;2020/04/08 07:00:00;47;257,27;87;476,22;35
Cadalso de los Vidrios;2020/04/08 07:00:00;6;111,19;18;333,58;36
Campamento;2020/04/08 07:00:00;82;535,21;140;913,78;37
Campo Real;2020/04/08 07:00:00;38;217,62;64;366,51;38
Campo de la Paloma;2020/04/08 07:00:00;89;461,57;174;902,4;39
Canal de Panamá;2020/04/08 07:00:00;80;267,17;173;577,75;40
Canillejas;2020/04/08 07:00:00;128;327,32;218;557,46;41
Carabanchel Alto;2020/04/08 07:00:00;65;300,84;137;634,08;42
Caramuel;2020/04/08 07:00:00;92;377,19;136;557,58;43
Carmen Calzado;2020/04/08 07:00:00;63;379,08;156;938,68;44
Casa de Campo;2020/04/08 07:00:00;61;459,75;98;738,62;45
Castelló;2020/04/08 07:00:00;51;227,06;100;445,22;46
Castilla la Nueva;2020/04/08 07:00:00;65;269,65;147;609,83;47
Cea Bermúdez;2020/04/08 07:00:00;97;387,88;141;563,82;48
Cercedilla;2020/04/08 07:00:00;46;322,08;90;630,16;49
Chopera;2020/04/08 07:00:00;157;425,49;264;715,47;50
Ciempozuelos;2020/04/08 07:00:00;60;225,06;146;547,64;51
Ciudad San Pablo;2020/04/08 07:00:00;30;237,02;74;584,66;52
Ciudad de los Periodistas;2020/04/08 07:00:00;146;530,7;247;897,82;53
Collado Mediano;2020/04/08 07:00:00;17;137,71;28;226,81;54
Collado Villalba Estación;2020/04/08 07:00:00;60;187,83;96;300,53;55
Collado Villalba Pueblo;2020/04/08 07:00:00;45;224,41;80;398,94;56
Colmenar Viejo Norte;2020/04/08 07:00:00;69;287,94;108;450,69;57
Colmenar Viejo Sur;2020/04/08 07:00:00;81;306,35;105;397,13;58
Colmenar de Oreja;2020/04/08 07:00:00;22;124,87;43;244,07;59
Comillas;2020/04/08 07:00:00;82;360,01;159;698,07;60
Cortes;2020/04/08 07:00:00;72;241,18;138;462,27;61
Coslada - Jaime Vera;2020/04/08 07:00:00;69;515,39;129;963,55;62
Cuzco;2020/04/08 07:00:00;71;291,41;132;541,78;63
Daganzo de Arriba;2020/04/08 07:00:00;28;162,6;54;313,59;64
Daroca;2020/04/08 07:00:00;160;382,16;262;625,79;65
Dehesa Vieja;2020/04/08 07:00:00;37;135,05;59;215,35;66
Dos de Mayo;2020/04/08 07:00:00;165;449,89;243;662,56;67
Doctor Cirajas;2020/04/08 07:00:00;138;360,85;241;630,18;68
Doctor Laín Entralgo;2020/04/08 07:00:00;132;522,71;186;736,55;69
Doctor Luengo Rodríguez;2020/04/08 07:00:00;112;337,98;179;540,17;70
Doctor Tamames;2020/04/08 07:00:00;75;324,96;140;606,59;71
Doctor Trueta;2020/04/08 07:00:00;49;382,96;66;515,83;72
El Bercial;2020/04/08 07:00:00;29;201,05;43;298,11;73
El Escorial;2020/04/08 07:00:00;18;108,28;39;234,61;74
El Espinillo;2020/04/08 07:00:00;42;228,29;92;500,05;75
El Greco;2020/04/08 07:00:00;36;163,91;69;314,16;76
El Juncal;2020/04/08 07:00:00;71;251,44;160;566,63;77
El Molar;2020/04/08 07:00:00;45;137,64;74;226,34;78
El Naranjo;2020/04/08 07:00:00;54;262,51;109;529,87;79
El Pardo;2020/04/08 07:00:00;20;693,72;36;1248,7;80
El Restón;2020/04/08 07:00:00;58;148,68;198;507,58;81
El Soto;2020/04/08 07:00:00;92;473,71;144;741,47;82
Eloy Gonzalo;2020/04/08 07:00:00;111;314,75;173;490,56;83
Embajadores;2020/04/08 07:00:00;120;388,63;191;618,56;84
Ensanche Vallecas;2020/04/08 07:00:00;162;330,53;320;652,9;85
Entrevías;2020/04/08 07:00:00;152;535,04;265;932,8;86
Espronceda;2020/04/08 07:00:00;182;447,3;263;646,37;87
Estrecho de Corea;2020/04/08 07:00:00;123;386,05;230;721,89;88
Estrella;2020/04/08 07:00:00;61;419,47;108;742,68;89
Europa;2020/04/08 07:00:00;139;690,07;230;1141,84;90
Federica Montseny;2020/04/08 07:00:00;130;586,8;258;1164,58;91
Felipe II;2020/04/08 07:00:00;89;419,85;131;617,98;92
Francia;2020/04/08 07:00:00;105;279,71;230;612,7;93
Fuencarral;2020/04/08 07:00:00;86;320,76;138;514,71;94
Fuente el Saz;2020/04/08 07:00:00;35;186,37;56;298,19;95
Fuentelarreina;2020/04/08 07:00:00;101;464,22;150;689,43;96
Galapagar;2020/04/08 07:00:00;64;155,12;136;329,63;97
Gandhi;2020/04/08 07:00:00;91;471,67;151;782,67;98
García Noblejas;2020/04/08 07:00:00;83;352,53;150;637,1;99
General Fanjul;2020/04/08 07:00:00;99;426,39;147;633,13;100
General Moscardó;2020/04/08 07:00:00;107;537,31;176;883,8;101
General Oráa;2020/04/08 07:00:00;71;382,75;152;819,41;102
General Ricardos;2020/04/08 07:00:00;122;439,8;189;681,33;103
Getafe Norte;2020/04/08 07:00:00;30;199,6;50;332,67;104
Goya;2020/04/08 07:00:00;222;365,28;443;728,91;105
Gregorio Marañón;2020/04/08 07:00:00;127;447,85;198;698,22;106
Griñón;2020/04/08 07:00:00;72;192,95;138;369,82;107
Guadarrama;2020/04/08 07:00:00;45;284,85;71;449,42;108
Guayaba;2020/04/08 07:00:00;63;354,13;129;725,13;109
Guzmán el Bueno;2020/04/08 07:00:00;109;468,94;164;705,56;110
Huerta de Los Frailes;2020/04/08 07:00:00;98;688,49;152;1067,87;111
Humanes de Madrid;2020/04/08 07:00:00;46;177,17;90;346,63;112
Ibiza;2020/04/08 07:00:00;160;463,81;312;904,43;113
Imperial;2020/04/08 07:00:00;118;445,72;186;702,58;114
Infanta Mercedes;2020/04/08 07:00:00;66;452,8;103;706,64;115
Isabel II;2020/04/08 07:00:00;138;386,92;203;569,17;116
Jazmín;2020/04/08 07:00:00;74;272,24;156;573,91;117
Juan de Austria;2020/04/08 07:00:00;56;263,62;177;833,22;118
Juan de la Cierva;2020/04/08 07:00:00;68;215,74;145;460,03;119
Justicia;2020/04/08 07:00:00;44;274,3;74;461,32;120
La Cabrera;2020/04/08 07:00:00;18;265,41;26;383,37;121
La Elipa;2020/04/08 07:00:00;68;499,08;111;814,68;122
La Garena;2020/04/08 07:00:00;15;222,58;49;727,11;123
La Marazuela;2020/04/08 07:00:00;17;149,44;33;290,08;124
La Moraleja;2020/04/08 07:00:00;42;169,81;72;291,1;125
La Plata;2020/04/08 07:00:00;50;193,69;114;441,62;126
La Princesa;2020/04/08 07:00:00;74;381,74;124;639,67;127
La Ribota;2020/04/08 07:00:00;64;252;96;378;128
La Ventilla;2020/04/08 07:00:00;125;550,54;209;920,5;129
La Veredilla;2020/04/08 07:00:00;40;241,72;90;543,87;130
Las Águilas;2020/04/08 07:00:00;132;481,84;187;682,61;131
Las Américas;2020/04/08 07:00:00;65;169,37;136;354,38;132
Las Calesas;2020/04/08 07:00:00;127;423,79;209;697,41;133
Las Ciudades;2020/04/08 07:00:00;37;190,55;79;406,86;134
Las Fronteras;2020/04/08 07:00:00;83;240,75;215;623,62;135
Las Margaritas;2020/04/08 07:00:00;48;171,86;87;311,49;136
Las Matas;2020/04/08 07:00:00;17;144,46;29;246,43;137
Las Olivas;2020/04/08 07:00:00;55;285,42;93;482,62;138
Las Rozas;2020/04/08 07:00:00;76;209,19;149;410,13;139
Las Tablas;2020/04/08 07:00:00;49;154,35;97;305,55;140
Lavapiés;2020/04/08 07:00:00;76;292,21;126;484,45;141
Leganés Norte;2020/04/08 07:00:00;187;1318,39;228;1607,45;142
Legazpi;2020/04/08 07:00:00;96;374,58;173;675,02;143
Londres;2020/04/08 07:00:00;59;425,59;120;865,61;144
Los Alperchines;2020/04/08 07:00:00;84;429,65;142;726,31;145
Los Ángeles;2020/04/08 07:00:00;132;371,62;265;746,06;146
Los Castillos;2020/04/08 07:00:00;110;511,96;179;833,1;147
Los Cármenes;2020/04/08 07:00:00;75;259,19;132;456,18;148
Los Fresnos;2020/04/08 07:00:00;16;134,18;46;385,78;149
Los Pedroches;2020/04/08 07:00:00;168;661,34;321;1263,63;150
Los Rosales;2020/04/08 07:00:00;85;429,34;159;803,11;151
Los Yébenes;2020/04/08 07:00:00;99;268,73;208;564,6;152
Lucero;2020/04/08 07:00:00;224;552,06;347;855,21;153
Luis Vives;2020/04/08 07:00:00;70;246,37;204;718,01;154
Majadahonda;2020/04/08 07:00:00;96;200,95;233;487,73;155
Manuel Merino;2020/04/08 07:00:00;41;326,33;144;1146,13;156
Manzanares El Real;2020/04/08 07:00:00;34;226,77;47;313,48;157
Maqueda;2020/04/08 07:00:00;148;506,95;209;715,9;158
Mar Báltico;2020/04/08 07:00:00;261;441,57;461;779,94;159
Marqués de la Valdavia;2020/04/08 07:00:00;38;224,59;59;348,7;160
Martín de Vargas;2020/04/08 07:00:00;74;409,36;108;597,44;161
Martínez de la Riva;2020/04/08 07:00:00;63;379,45;113;680,6;162
María Curie;2020/04/08 07:00:00;44;322,56;80;586,47;163
María Montessori;2020/04/08 07:00:00;111;729,64;184;1209,49;164
María de Guzmán;2020/04/08 07:00:00;97;448,58;235;1086,76;165
Meco;2020/04/08 07:00:00;59;247,58;174;730,14;166
Media Legua;2020/04/08 07:00:00;162;715,58;261;1152,88;167
Mejorada del Campo;2020/04/08 07:00:00;131;298,2;229;521,28;168
Mendiguchía Carriche;2020/04/08 07:00:00;130;508,59;223;872,42;169
Miguel Servet;2020/04/08 07:00:00;83;501,39;131;791,35;170
Miguel de Cervantes;2020/04/08 07:00:00;87;328,51;269;1015,75;171
Miraflores;2020/04/08 07:00:00;61;256,19;96;403,19;172
Mirasierra;2020/04/08 07:00:00;121;392,74;203;658,9;173
Monforte de Lemos;2020/04/08 07:00:00;118;746,69;185;1170,66;174
Monovar;2020/04/08 07:00:00;86;459,13;151;806,15;175
Montecarmelo;2020/04/08 07:00:00;54;301,04;91;507,3;176
Monterrozas;2020/04/08 07:00:00;161;442,62;247;679,06;177
Montesa;2020/04/08 07:00:00;138;510,81;259;958,69;178
Moralzarzal;2020/04/08 07:00:00;35;268,78;46;353,25;179
Morata de Tajuña;2020/04/08 07:00:00;24;309;77;991,37;180
María Jesús Hereza;2020/04/08 07:00:00;237;690,84;420;1224,28;181
Méndez Álvaro;2020/04/08 07:00:00;24;269,69;42;471,96;182
Navalcarnero;2020/04/08 07:00:00;73;181,44;135;335,55;183
Navas del Rey;2020/04/08 07:00:00;11;162,36;50;738,01;184
Nuestra Señora del Pilar;2020/04/08 07:00:00;62;314,96;169;858,52;185
Numancia;2020/04/08 07:00:00;138;529,3;237;909,02;186
Nuñez Morgado;2020/04/08 07:00:00;92;401,36;168;732,92;187
Opañel;2020/04/08 07:00:00;114;507,55;160;712,35;188
Orcasitas;2020/04/08 07:00:00;72;314,69;131;572,55;189
Orcasur;2020/04/08 07:00:00;51;390,57;87;666,26;190
Pacífico;2020/04/08 07:00:00;118;342,69;233;676,68;191
Palma Universidad;2020/04/08 07:00:00;81;318,56;140;550,6;192
Palomares;2020/04/08 07:00:00;102;573,71;183;1029,3;193
Panaderas;2020/04/08 07:00:00;108;282,45;217;567,51;194
Paracuellos del Jarama;2020/04/08 07:00:00;35;152,11;55;239,04;195
Parque Coimbra;2020/04/08 07:00:00;64;474,95;91;675,32;196
Parque Europa;2020/04/08 07:00:00;48;156;90;292,5;197
Parque Loranca;2020/04/08 07:00:00;49;157,78;106;341,33;198
Parque Oeste;2020/04/08 07:00:00;55;386,67;83;583,52;199
Pavones;2020/04/08 07:00:00;100;623,32;170;1059,65;200
Perales de Tajuña;2020/04/08 07:00:00;48;543,72;60;679,66;201
Perales del Río;2020/04/08 07:00:00;31;329,3;53;562,99;202
Peña Prieta;2020/04/08 07:00:00;84;423;151;760,4;203
Peñagrande;2020/04/08 07:00:00;151;550,19;251;914,56;204
Pilar;2020/04/08 07:00:00;254;586,32;472;1089,54;205
Pinto;2020/04/08 07:00:00;19;84,89;59;263,59;206
Pintores;2020/04/08 07:00:00;45;165,36;100;367,46;207
Pizarro;2020/04/08 07:00:00;102;620,29;179;1088,54;208
Portazgo;2020/04/08 07:00:00;140;653,44;218;1017,5;209
Potosí;2020/04/08 07:00:00;132;446,29;202;682,96;210
Pozo de Tío Raimundo;2020/04/08 07:00:00;42;438,69;77;804,26;211
Pozuelo - Estación;2020/04/08 07:00:00;77;211,72;190;522,42;212
Pozuelo - Somosaguas;2020/04/08 07:00:00;38;179,64;101;477,45;213
Presentación Sabio;2020/04/08 07:00:00;60;214,82;119;426,07;214
Prosperidad;2020/04/08 07:00:00;246;439,59;463;827,36;215
Puerta Bonita;2020/04/08 07:00:00;76;432,7;120;683,22;216
Puerta de Madrid;2020/04/08 07:00:00;43;311,53;126;912,85;217
Puerta del Ángel;2020/04/08 07:00:00;96;460,92;130;624,16;218
Quinta de los Molinos;2020/04/08 07:00:00;29;143,81;61;302,5;219
Rafael Alberti;2020/04/08 07:00:00;81;363,41;152;681,95;220
Ramón y Cajal;2020/04/08 07:00:00;123;527,35;174;746,01;221
Rascafría;2020/04/08 07:00:00;;177,62;6;266,43;222
Reina Victoria;2020/04/08 07:00:00;179;536,86;345;1034,73;223
Rejas;2020/04/08 07:00:00;35;203,37;68;395,12;224
Reyes Católicos;2020/04/08 07:00:00;74;366,81;99;490,73;225
Reyes Magos;2020/04/08 07:00:00;131;440,81;330;1110,44;226
Rivas - La Paz;2020/04/08 07:00:00;97;298,2;154;473,42;227
Rivas - Santa Mónica;2020/04/08 07:00:00;107;300,34;176;494,02;228
Rivas - 1º de Mayo;2020/04/08 07:00:00;48;267,02;84;467,29;229
Robledo de Chavela;2020/04/08 07:00:00;11;133,58;19;230,72;230
Rosa Luxemburgo;2020/04/08 07:00:00;72;312,42;89;386,18;231
San Andrés;2020/04/08 07:00:00;80;243,33;154;468,41;232
San Blas;2020/04/08 07:00:00;49;138,23;124;349,8;233
San Cristóbal;2020/04/08 07:00:00;61;289,52;111;526,84;234
San Diego;2020/04/08 07:00:00;168;570,15;255;865,4;235
San Fermín;2020/04/08 07:00:00;88;336,37;180;688,02;236
San Fernando;2020/04/08 07:00:00;68;302,54;129;573,95;237
San Isidro;2020/04/08 07:00:00;69;430,12;125;779,2;238
San Juan de la Cruz;2020/04/08 07:00:00;46;149,46;127;412,65;239
San Lorenzo de El Escorial;2020/04/08 07:00:00;27;133,21;56;276,3;240
San Martín de Valdeiglesias;2020/04/08 07:00:00;26;232,27;62;553,87;241
San Martín de la Vega;2020/04/08 07:00:00;29;142,4;57;279,89;242
Sanchinarro;2020/04/08 07:00:00;69;242,29;129;452,98;243
Santa Eugenia;2020/04/08 07:00:00;126;448,85;228;812,2;244
Sector Embarcaciones;2020/04/08 07:00:00;77;337,82;116;508,93;245
Sector III;2020/04/08 07:00:00;76;265,52;162;565,98;246
Sector Oficios;2020/04/08 07:00:00;72;285,07;101;399,89;247
Segovia;2020/04/08 07:00:00;73;312,55;127;543,76;248
Segre;2020/04/08 07:00:00;118;307,09;246;640,21;249
Sevilla la Nueva;2020/04/08 07:00:00;16;136,09;33;280,68;250
Sierra de Guadarrama;2020/04/08 07:00:00;30;173,63;51;295,17;251
Silvano;2020/04/08 07:00:00;131;344,27;211;554,52;252
Simancas;2020/04/08 07:00:00;91;529,69;160;931,32;253
Soto del Real;2020/04/08 07:00:00;64;268,34;100;419,29;254
Sánchez Morate;2020/04/08 07:00:00;31;134,33;75;325;255
Torrelaguna;2020/04/08 07:00:00;13;203,57;18;281,87;256
Torrelodones;2020/04/08 07:00:00;74;220,27;118;351,24;257
Torres de la Alameda;2020/04/08 07:00:00;56;255,15;160;729;258
V Centenario;2020/04/08 07:00:00;33;156,22;53;250,9;259
Valdeacederas;2020/04/08 07:00:00;140;535,41;258;986,69;260
Valdebernardo;2020/04/08 07:00:00;102;530,12;179;930,31;261
Valdelasfuentes;2020/04/08 07:00:00;76;315,1;100;414,61;262
Valdemorillo;2020/04/08 07:00:00;16;132;22;181,5;263
Valdemoro;2020/04/08 07:00:00;72;192,57;329;879,94;264
Valderribas;2020/04/08 07:00:00;43;236,51;89;489,52;265
Valdezarza;2020/04/08 07:00:00;200;420,45;360;756,81;266
Valle Inclán;2020/04/08 07:00:00;60;581,23;88;852,47;267
Valle de la Oliva;2020/04/08 07:00:00;38;125,84;90;298,04;268
Valleaguado;2020/04/08 07:00:00;94;372,51;158;626,14;269
Vandel;2020/04/08 07:00:00;115;478,83;225;936,84;270
Vicente Muzas;2020/04/08 07:00:00;76;346,76;119;542,96;271
Vicálvaro - Artilleros;2020/04/08 07:00:00;104;498,39;197;944,07;272
Vicálvaro - Villablanca;2020/04/08 07:00:00;61;448,56;126;926,54;273
Villa Vallecas;2020/04/08 07:00:00;196;663,39;411;1391,1;274
Villa del Prado;2020/04/08 07:00:00;45;468,12;65;676,17;275
Villaamil;2020/04/08 07:00:00;141;550,61;229;894,25;276
Villanueva de la Cañada;2020/04/08 07:00:00;44;116,9;120;318,82;277
Villanueva del Pardillo;2020/04/08 07:00:00;11;65,13;55;325,66;278
Villarejo de Salvanés;2020/04/08 07:00:00;34;239,03;62;435,88;279
Villaviciosa de Odón;2020/04/08 07:00:00;67;241,53;128;461,43;280
Vinateros - Torito;2020/04/08 07:00:00;175;504,66;294;847,82;281
Virgen de Begoña;2020/04/08 07:00:00;83;805,59;131;1271,47;282
Virgen del Cortijo;2020/04/08 07:00:00;43;301,12;83;581,23;283
Virgen del Val;2020/04/08 07:00:00;41;337,28;112;921,36;284
Vista Alegre;2020/04/08 07:00:00;78;164,64;179;377,82;285
Zofío;2020/04/08 07:00:00;133;459;226;779,96;286
